{"cameraMode":{"drawMode":0,"name":"Shaded","section":"Shading Mode"},"sceneLighting":true,"audioPlay":false,"sceneViewState":{"m_AlwaysRefresh":false,"showFog":true,"showSkybox":true,"showFlares":true,"showImageEffects":true,"showParticleSystems":true,"showVisualEffectGraphs":true,"m_FxEnabled":true},"in2DMode":false,"pivot":{"x":891.5310668945313,"y":149.4957275390625,"z":-68.55291748046875},"rotation":{"x":0.01628575101494789,"y":0.5286332964897156,"z":0.010149895213544369,"w":-0.8486465215682983},"size":5.4959635734558109,"orthographic":false}