{"cameraMode":{"drawMode":0,"name":"Shaded","section":"Shading Mode"},"sceneLighting":true,"audioPlay":false,"sceneViewState":{"m_AlwaysRefresh":false,"showFog":true,"showSkybox":true,"showFlares":true,"showImageEffects":true,"showParticleSystems":true,"showVisualEffectGraphs":true,"m_FxEnabled":true},"in2DMode":false,"pivot":{"x":362.13568115234377,"y":275.039306640625,"z":240.22329711914063},"rotation":{"x":-0.18079546093940736,"y":0.012389244511723519,"z":-0.00227762246504426,"w":-0.983440637588501},"size":332.51995849609377,"orthographic":false}