{"cameraMode":{"drawMode":0,"name":"Shaded","section":"Shading Mode"},"sceneLighting":true,"audioPlay":false,"sceneViewState":{"m_AlwaysRefresh":false,"showFog":true,"showSkybox":true,"showFlares":true,"showImageEffects":true,"showParticleSystems":true,"showVisualEffectGraphs":true,"m_FxEnabled":true},"in2DMode":false,"pivot":{"x":-14.394614219665528,"y":-19.86292266845703,"z":-12.824605941772461},"rotation":{"x":0.160707026720047,"y":-0.18390046060085298,"z":0.030484288930892946,"w":0.9692510366439819},"size":147.66114807128907,"orthographic":false}