{"cameraMode":{"drawMode":0,"name":"Shaded","section":"Shading Mode"},"sceneLighting":true,"audioPlay":false,"sceneViewState":{"m_AlwaysRefresh":false,"showFog":true,"showSkybox":true,"showFlares":true,"showImageEffects":true,"showParticleSystems":true,"showVisualEffectGraphs":true,"m_FxEnabled":true},"in2DMode":false,"pivot":{"x":492.41705322265627,"y":202.60276794433595,"z":135.66944885253907},"rotation":{"x":-0.25549474358558657,"y":0.38293778896331789,"z":-0.11104705929756165,"w":-0.8808062672615051},"size":24.154775619506837,"orthographic":false}