{"cameraMode":{"drawMode":0,"name":"Shaded","section":"Shading Mode"},"sceneLighting":true,"audioPlay":false,"sceneViewState":{"m_AlwaysRefresh":false,"showFog":true,"showSkybox":true,"showFlares":true,"showImageEffects":true,"showParticleSystems":true,"showVisualEffectGraphs":true,"m_FxEnabled":true},"in2DMode":false,"pivot":{"x":24.094425201416017,"y":15.228266716003418,"z":37.01557159423828},"rotation":{"x":0.07533128559589386,"y":-0.8460529446601868,"z":0.1242520734667778,"w":0.5130460858345032},"size":23.230379104614259,"orthographic":false}