{"cameraMode":{"drawMode":0,"name":"Shaded","section":"Shading Mode"},"sceneLighting":true,"audioPlay":false,"sceneViewState":{"m_AlwaysRefresh":false,"showFog":true,"showSkybox":true,"showFlares":true,"showImageEffects":true,"showParticleSystems":true,"showVisualEffectGraphs":true,"m_FxEnabled":true},"in2DMode":false,"pivot":{"x":37.19624328613281,"y":12.025409698486329,"z":15.186939239501954},"rotation":{"x":-0.029935812577605249,"y":0.6951685547828674,"z":0.02899884805083275,"w":0.7176379561424255},"size":11.411661148071289,"orthographic":false}