{"cameraMode":{"drawMode":0,"name":"Shaded","section":"Shading Mode"},"sceneLighting":true,"audioPlay":false,"sceneViewState":{"m_AlwaysRefresh":false,"showFog":true,"showSkybox":true,"showFlares":true,"showImageEffects":true,"showParticleSystems":true,"showVisualEffectGraphs":true,"m_FxEnabled":true},"in2DMode":false,"pivot":{"x":-4.623710632324219,"y":1.5053958892822266,"z":53.139286041259769},"rotation":{"x":-0.09507131576538086,"y":0.7181312441825867,"z":-0.09987790137529373,"w":-0.6823121905326843},"size":32.811424255371097,"orthographic":false}