{"cameraMode":{"drawMode":0,"name":"Shaded","section":"Shading Mode"},"sceneLighting":true,"audioPlay":false,"sceneViewState":{"m_AlwaysRefresh":false,"showFog":true,"showSkybox":true,"showFlares":true,"showImageEffects":true,"showParticleSystems":true,"showVisualEffectGraphs":true,"m_FxEnabled":true},"in2DMode":false,"pivot":{"x":483.8482360839844,"y":200.67422485351563,"z":117.13522338867188},"rotation":{"x":-0.23700053989887238,"y":0.5895566940307617,"z":-0.18645240366458894,"w":-0.7493722438812256},"size":24.154775619506837,"orthographic":false}